﻿<?xml version="1.0" encoding="utf-8" ?>
<navigationTypes>
  <Server>
    <type>Microsoft.IIs.PowerShell.Framework.ServerNode</type>
    <factoryType>Microsoft.IIs.PowerShell.Framework.ServerNodeFactory</factoryType>
    <assembly>Microsoft.IIS.PowerShell.Framework, Version=10.0.0.0, Culture=neutral, PublicKeyToken=31bf3856ad364e35, processorArchitecture=MSIL</assembly>
    <filePath>MACHINE/WEBROOT/APPHOST</filePath>
    <readonly>true</readonly>
    <properties>
      <siteDefaults>
        <xPath>/system.applicationHost/sites/siteDefaults</xPath>
        <filePath>MACHINE/WEBROOT/APPHOST</filePath>
      </siteDefaults>
      <applicationDefaults>
        <xPath>/system.applicationHost/sites/applicationDefaults</xPath>
        <filePath>MACHINE/WEBROOT/APPHOST</filePath>
      </applicationDefaults>
      <virtualDirectoryDefaults>
        <xPath>/system.applicationHost/sites/virtualDirectoryDefaults</xPath>
        <filePath>MACHINE/WEBROOT/APPHOST</filePath>
      </virtualDirectoryDefaults>
      <applicationPoolDefaults>
        <xPath>/system.applicationHost/applicationPools/applicationPoolDefaults</xPath>
        <filePath>MACHINE/WEBROOT/APPHOST</filePath>
      </applicationPoolDefaults>
    </properties>
    <configurationPath>%filePath%</configurationPath>
  </Server>
  <Sites>
    <type>Microsoft.IIs.PowerShell.Framework.NodeIndexedCollection</type>
    <factoryType>Microsoft.IIs.PowerShell.Framework.NodeCollectionFactory</factoryType>
    <assembly>Microsoft.IIS.PowerShell.Framework, Version=10.0.0.0, Culture=neutral, PublicKeyToken=31bf3856ad364e35, processorArchitecture=MSIL</assembly>
    <instanceXPath>/system.applicationHost/sites</instanceXPath>
    <filePath>MACHINE/WEBROOT/APPHOST</filePath>
    <configurationPath>%filePath%</configurationPath>
    <readonly>true</readonly>
    <parents>
      <parentInfo>
        <parentType>Server</parentType>
        <xPath>/system.applicationHost/sites</xPath>
        <filePath>MACHINE/WEBROOT/APPHOST</filePath>
      </parentInfo>
    </parents>
  </Sites>
  <AppPools>
    <type>Microsoft.IIs.PowerShell.Framework.NodeCollection</type>
    <factoryType>Microsoft.IIs.PowerShell.Framework.NodeCollectionFactory</factoryType>
    <assembly>Microsoft.IIS.PowerShell.Framework, Version=10.0.0.0, Culture=neutral, PublicKeyToken=31bf3856ad364e35, processorArchitecture=MSIL</assembly>
    <instanceXPath>/system.applicationHost/applicationPools</instanceXPath>
    <filePath>MACHINE/WEBROOT/APPHOST</filePath>
    <readonly>true</readonly>
    <parents>
      <parentInfo>
        <parentType>Server</parentType>
        <xPath>/system.applicationHost/applicationPools</xPath>
        <filePath>MACHINE/WEBROOT/APPHOST</filePath>
      </parentInfo>
    </parents>
  </AppPools>
  <SslBindings>
    <type>Microsoft.IIs.PowerShell.Framework.SslBindinCollectionNode</type>
    <factoryType>Microsoft.IIs.PowerShell.Framework.SslBindinCollectionNodeFactory</factoryType>
    <assembly>Microsoft.IIS.PowerShell.Framework, Version=10.0.0.0, Culture=neutral, PublicKeyToken=31bf3856ad364e35, processorArchitecture=MSIL</assembly>
    <readonly>true</readonly>
    <parents>
      <parentInfo>
        <parentType>Server</parentType>
        <filePath>MACHINE/WEBROOT/APPHOST</filePath>
      </parentInfo>
    </parents>
  </SslBindings>
  <site>
    <type>Microsoft.IIs.PowerShell.Framework.Site</type>
    <factoryType>Microsoft.IIs.PowerShell.Framework.SiteFactory</factoryType>
    <assembly>Microsoft.IIS.PowerShell.Framework, Version=10.0.0.0, Culture=neutral, PublicKeyToken=31bf3856ad364e35, processorArchitecture=MSIL</assembly>
    <instanceXPath>/system.applicationHost/sites/site[@name="%name%"]</instanceXPath>
    <filePath>MACHINE/WEBROOT/APPHOST</filePath>
    <configurationPath>%filePath%/%name%</configurationPath>
    <parents>
      <parentInfo>
        <parentType>Sites</parentType>
        <xPath>%instanceXPath%/site</xPath>
        <filePath>MACHINE/WEBROOT/APPHOST</filePath>
      </parentInfo>
    </parents>
  </site>
  <application>
    <type>Microsoft.IIs.PowerShell.Framework.Application</type>
    <factoryType>Microsoft.IIs.PowerShell.Framework.ApplicationFactory</factoryType>
    <assembly>Microsoft.IIS.PowerShell.Framework, Version=10.0.0.0, Culture=neutral, PublicKeyToken=31bf3856ad364e35, processorArchitecture=MSIL</assembly>
    <instanceXPath>%parent::instanceXPath%/application[@path="%path%"]</instanceXPath>
    <filePath>MACHINE/WEBROOT/APPHOST</filePath>
    <namePrefix>/</namePrefix>
    <configurationPath>%parent::ConfigurationPath%/%path%</configurationPath>
    <properties>
      <userName>
        <xPath>%instanceXPath%/virtualDirectory[@path="/"]/@userName</xPath>
        <filePath>MACHINE/WEBROOT/APPHOST</filePath>
      </userName>
      <password>
        <xPath>%instanceXPath%/virtualDirectory[@path="/"]/@password</xPath>
        <filePath>MACHINE/WEBROOT/APPHOST</filePath>
      </password>
      <physicalPath>
        <xPath>%instanceXPath%/virtualDirectory[@path="/"]/@physicalPath</xPath>
        <filePath>MACHINE/WEBROOT/APPHOST</filePath>
      </physicalPath>
    </properties>
    <parents>
      <parentInfo>
        <parentType>site</parentType>
        <xPath>%instanceXPath%/application[@path!="/"]</xPath>
        <collectionXPath>%instanceXPath%</collectionXPath>
        <filePath>MACHINE/WEBROOT/APPHOST</filePath>
        <priority>0</priority>
      </parentInfo>
    </parents>
  </application>
  <virtualDirectory>
    <type>Microsoft.IIs.PowerShell.Framework.VirtualDirectory</type>
    <factoryType>Microsoft.IIs.PowerShell.Framework.VirtualDirectoryFactory</factoryType>
    <assembly>Microsoft.IIS.PowerShell.Framework, Version=10.0.0.0, Culture=neutral, PublicKeyToken=31bf3856ad364e35, processorArchitecture=MSIL</assembly>
    <instanceXPath>%parent::instanceXPath%/virtualDirectory[@path="%path%"]</instanceXPath>
    <filePath>MACHINE/WEBROOT/APPHOST</filePath>
    <configurationPath>%parent::configurationPath%/%path%</configurationPath>
    <namePrefix>/</namePrefix>
    <parents>
      <parentInfo>
        <parentType>application</parentType>
        <xPath>%instanceXPath%/virtualDirectory[@path!="/"]</xPath>
        <collectionXPath>%instanceXPath%</collectionXPath>
        <filePath>MACHINE/WEBROOT/APPHOST</filePath>
        <priority>0</priority>
      </parentInfo>
      <parentInfo>
        <parentType>site</parentType>
        <xPath>%instanceXPath%/application[@path="/"]/virtualDirectory[@path!="/"]</xPath>
        <collectionXPath>%instanceXPath%/application[@path="/"]</collectionXPath>
        <filePath>MACHINE/WEBROOT/APPHOST</filePath>
        <priority>1</priority>
      </parentInfo>
    </parents>
  </virtualDirectory>
  <directory>
    <type>Microsoft.IIs.PowerShell.Framework.FileDirectory</type>
    <factoryType>Microsoft.IIs.PowerShell.Framework.FileDirectoryFactory</factoryType>
    <assembly>Microsoft.IIS.PowerShell.Framework, Version=10.0.0.0, Culture=neutral, PublicKeyToken=31bf3856ad364e35, processorArchitecture=MSIL</assembly>
    <configurationPath>%parent::ConfigurationPath%/%Name%</configurationPath>
    <parents>
      <parentInfo>
        <parentType>directory</parentType>
      </parentInfo>
      <parentInfo>
        <parentType>virtualDirectory</parentType>
        <xPath>%instanceXPath%/physicalPath</xPath>
        <filePath>MACHINE/WEBROOT/APPHOST</filePath>
        <priority>0</priority>
      </parentInfo>
      <parentInfo>
        <parentType>application</parentType>
        <xPath>%instanceXPath%/physicalPath</xPath>
        <filePath>MACHINE/WEBROOT/APPHOST</filePath>
        <priority>1</priority>
      </parentInfo>
      <parentInfo>
        <parentType>site</parentType>
        <xPath>%instanceXPath%/physicalPath</xPath>
        <filePath>MACHINE/WEBROOT/APPHOST</filePath>
        <priority>2</priority>
      </parentInfo>
    </parents>
  </directory>
  <file>
    <type>Microsoft.IIs.PowerShell.Framework.File</type>
    <factoryType>Microsoft.IIs.PowerShell.Framework.FileFactory</factoryType>
    <assembly>Microsoft.IIS.PowerShell.Framework, Version=10.0.0.0, Culture=neutral, PublicKeyToken=31bf3856ad364e35, processorArchitecture=MSIL</assembly>
    <configurationPath>%parent::ConfigurationPath%/%Name%</configurationPath>
    <parents>
      <parentInfo>
        <parentType>directory</parentType>
      </parentInfo>
      <parentInfo>
        <parentType>virtualDirectory</parentType>
        <xPath>%instanceXPath%/physicalPath</xPath>
        <filePath>MACHINE/WEBROOT/APPHOST</filePath>
        <priority>1</priority>
      </parentInfo>
      <parentInfo>
        <parentType>application</parentType>
        <xPath>%instanceXPath%/physicalPath</xPath>
        <filePath>MACHINE/WEBROOT/APPHOST</filePath>
        <priority>2</priority>
      </parentInfo>
      <parentInfo>
        <parentType>site</parentType>
        <xPath>%instanceXPath%/physicalPath</xPath>
        <filePath>MACHINE/WEBROOT/APPHOST</filePath>
        <priority>3</priority>
      </parentInfo>
    </parents>
  </file>
  <appPool>
    <type>Microsoft.IIs.PowerShell.Framework.NamespaceNode</type>
    <factoryType>Microsoft.IIs.PowerShell.Framework.NamespaceNodeFactory</factoryType>
    <assembly>Microsoft.IIS.PowerShell.Framework, Version=10.0.0.0, Culture=neutral, PublicKeyToken=31bf3856ad364e35, processorArchitecture=MSIL</assembly>
    <instanceXPath>/system.applicationHost/applicationPools/add[@name="%name%"]</instanceXPath>
    <filePath>MACHINE/WEBROOT/APPHOST</filePath>
    <parents>
      <parentInfo>
        <parentType>AppPools</parentType>
        <xPath>/system.applicationHost/applicationPools/add</xPath>
        <filePath>MACHINE/WEBROOT/APPHOST</filePath>
      </parentInfo>
    </parents>
  </appPool>
  <WorkerProcesses>
    <type>Microsoft.IIs.PowerShell.Framework.NodeCollection</type>
    <factoryType>Microsoft.IIs.PowerShell.Framework.NodeCollectionFactory</factoryType>
    <assembly>Microsoft.IIS.PowerShell.Framework, Version=10.0.0.0, Culture=neutral, PublicKeyToken=31bf3856ad364e35, processorArchitecture=MSIL</assembly>
    <instanceXPath>%parent::instanceXPath%/workerProcesses</instanceXPath>
    <filePath>MACHINE/WEBROOT/APPHOST</filePath>
    <readonly>true</readonly>
    <parents>
      <parentInfo>
        <parentType>AppPool</parentType>
        <xPath>%instanceXPath%/workerProcesses</xPath>
        <filePath>MACHINE/WEBROOT/APPHOST</filePath>
      </parentInfo>
    </parents>
  </WorkerProcesses>
  <WorkerProcess>
    <type>Microsoft.IIs.PowerShell.Framework.WorkerProcessNode</type>
    <factoryType>Microsoft.IIs.PowerShell.Framework.WorkerProcessFactory</factoryType>
    <assembly>Microsoft.IIS.PowerShell.Framework, Version=10.0.0.0, Culture=neutral, PublicKeyToken=31bf3856ad364e35, processorArchitecture=MSIL</assembly>
    <instanceXPath>%parent::instanceXPath%/workerProcess[@processId=%processId%]</instanceXPath>
    <filePath>MACHINE/WEBROOT/APPHOST</filePath>
    <readonly>true</readonly>
    <parents>
      <parentInfo>
        <parentType>WorkerProcesses</parentType>
        <collectionXPath>%parent::instanceXPath%/workerProcesses</collectionXPath>
        <xPath>%instanceXPath%/workerProcess</xPath>
        <filePath>MACHINE/WEBROOT/APPHOST</filePath>
      </parentInfo>
    </parents>
  </WorkerProcess>
  <SslBinding>
    <type>Microsoft.IIs.PowerShell.Framework.SslBindingNode</type>
    <factoryType>Microsoft.IIs.PowerShell.Framework.SslBindingFactory</factoryType>
    <assembly>Microsoft.IIS.PowerShell.Framework, Version=10.0.0.0, Culture=neutral, PublicKeyToken=31bf3856ad364e35, processorArchitecture=MSIL</assembly>
    <parents>
      <parentInfo>
        <parentType>SslBindings</parentType>
      </parentInfo>
    </parents>
  </SslBinding>
</navigationTypes>
